Date,Unemployment rate (not sa),Monthly Inflation Rate,Unemployment rate
2002-01-01,5.5,2.6,5.0
2002-02-01,5.2,2.6,5.0
2002-03-01,5.1,2.4,5.0
2002-04-01,4.9,2.5,4.9
2002-06-01,5.1,2.3,4.8
2002-07-01,4.8,2.2,4.7
2002-08-01,4.7,2.4,4.6
2002-09-01,4.3,2.2,4.6
2002-10-01,4.3,2.2,4.6
2002-11-01,4.5,2.0,4.6
2002-12-01,4.3,1.9,4.6
2003-01-01,5.0,1.9,4.7
2003-02-01,5.1,1.7,4.8
2003-03-01,5.0,1.7,4.8
2003-04-01,4.6,1.5,4.9
2003-06-01,5.3,1.5,4.9
2003-07-01,5.0,1.5,4.9
2003-08-01,4.8,1.3,4.8
2003-09-01,4.5,1.2,4.8
2003-10-01,4.5,1.3,4.7
2003-11-01,4.6,1.1,4.7
2003-12-01,4.4,1.1,4.7
2004-01-01,5.0,1.1,4.6
2004-02-01,4.9,1.2,4.6
2004-03-01,4.8,1.6,4.6
2004-04-01,4.2,1.8,4.6
2004-06-01,4.9,1.9,4.6
2004-07-01,4.9,1.8,4.6
2004-08-01,4.6,1.7,4.6
2004-09-01,4.3,2.0,4.6
2004-10-01,4.4,2.0,4.6
2004-11-01,4.5,2.2,4.7
2004-12-01,4.4,2.2,4.7
2005-01-01,5.0,2.3,4.7
2005-02-01,5.1,2.4,4.7
2005-03-01,4.8,2.3,4.7
2005-04-01,4.3,2.2,4.7
2005-06-01,4.8,2.0,4.5
2005-07-01,4.7,2.1,4.4
2005-08-01,4.4,2.1,4.4
2005-09-01,4.1,2.0,4.4
2005-10-01,4.1,2.1,4.3
2005-11-01,4.2,2.1,4.2
2005-12-01,3.8,2.2,4.1
2006-01-01,4.3,2.1,4.1
2006-02-01,4.3,2.1,4.0
2006-03-01,3.9,2.1,4.0
2006-04-01,3.9,2.3,4.1
2006-06-01,4.6,2.6,4.3
2006-07-01,4.7,2.7,4.3
2006-08-01,4.4,2.8,4.3
2006-09-01,4.1,2.9,4.3
2006-10-01,3.9,2.7,4.2
2006-11-01,4.0,2.6,4.2
2006-12-01,3.8,2.6,4.1
2007-01-01,4.4,2.7,4.0
2007-02-01,4.2,2.7,3.9
2007-03-01,3.7,2.5,3.8
2007-04-01,3.4,2.3,3.7
2007-06-01,4.0,2.2,3.7
2007-07-01,4.0,2.2,3.7
2007-08-01,3.7,2.1,3.7
2007-09-01,3.5,2.1,3.7
2007-10-01,3.5,2.2,3.7
2007-11-01,3.3,2.3,3.6
2007-12-01,3.3,2.4,3.6
2008-01-01,3.9,2.5,3.6
2008-02-01,3.8,2.3,3.6
2008-03-01,3.8,2.4,3.7
2008-04-01,3.5,2.3,3.8
2008-06-01,4.6,2.4,4.2
2008-07-01,4.7,2.5,4.5
2008-08-01,4.8,2.5,4.7
2008-09-01,4.7,2.5,5.0
2008-10-01,5.1,2.2,5.3
2008-11-01,5.4,2.0,5.7
2008-12-01,5.8,1.8,6.2
2009-01-01,7.1,1.7,6.6
2009-02-01,7.5,1.8,7.0
2009-03-01,7.5,1.8,7.3
2009-04-01,7.0,1.9,7.5
2009-06-01,8.0,1.7,7.7
2009-07-01,7.9,1.5,7.7
2009-08-01,7.7,1.4,7.7
2009-09-01,7.5,1.5,7.8
2009-10-01,7.7,1.7,7.8
2009-11-01,7.6,1.7,7.9
2009-12-01,7.6,1.8,8
2010-01-01,8.5,1.6,8.1
2010-02-01,8.6,1.3,8.1
2010-03-01,8.4,1.1,8.0
2010-04-01,7.5,0.9,7.9
2010-06-01,7.9,0.9,7.8
2010-07-01,8.1,0.9,7.7
2010-08-01,8.0,0.9,7.7
2010-09-01,7.5,0.8,7.7
2010-10-01,7.4,0.6,7.7
2010-11-01,7.6,0.8,7.7
2010-12-01,7.2,0.8,7.6
2011-01-01,7.9,1.0,7.5
2011-02-01,7.8,1.1,7.4
2011-03-01,7.4,1.2,7.4
2011-04-01,6.9,1.3,7.3
2011-06-01,7.7,1.6,7.4
2011-07-01,7.6,1.8,7.4
2011-08-01,7.5,2.0,7.4
2011-09-01,7.2,2.0,7.3
2011-10-01,7.0,2.1,7.2
2011-11-01,6.7,2.2,7.1
2011-12-01,6.7,2.2,7
2012-01-01,7.3,2.3,6.9
2012-02-01,7.3,2.2,6.9
2012-03-01,6.9,2.3,6.9
2012-04-01,6.4,2.3,6.9
2012-06-01,7.3,2.2,6.9
2012-07-01,7.3,2.1,6.9
2012-08-01,7.1,1.9,6.9
2012-09-01,6.5,2.0,6.8
2012-10-01,6.6,2.0,6.8
2012-11-01,6.5,1.9,6.8
2012-12-01,6.6,1.9,6.8
2013-01-01,7.3,1.9,6.8
2013-02-01,7.0,2.0,6.8
2013-03-01,6.7,1.9,6.7
2013-04-01,6.2,1.7,6.7
2013-06-01,7.0,1.6,6.6
2013-07-01,6.8,1.7,6.5
2013-08-01,6.5,1.8,6.5
2013-09-01,6.2,1.7,6.4
2013-10-01,6.5,1.7,6.3
2013-11-01,6.0,1.7,6.2
2013-12-01,5.7,1.7,6.1
2014-01-01,6.3,1.6,6.1
2014-02-01,6.3,1.6,6.0
2014-03-01,6.1,1.7,5.9
2014-04-01,5.3,1.8,5.9
2014-06-01,6.0,1.9,5.8
2014-07-01,6.1,1.9,5.7
2014-08-01,5.9,1.7,5.6
2014-09-01,5.3,1.7,5.6
2014-10-01,5.3,1.8,5.5
2014-11-01,5.3,1.7,5.5
2014-12-01,5.1,1.6,5.4
2015-01-01,5.9,1.6,5.4
2015-02-01,5.5,1.7,5.3
2015-03-01,5.3,1.8,5.3
2015-04-01,4.7,1.8,5.2
2015-06-01,5.3,1.8,5.0
2015-07-01,5.2,1.8,4.9
2015-08-01,5.0,1.8,4.9
2015-09-01,4.6,1.9,4.8
2015-10-01,4.7,1.9,4.7
2015-11-01,4.5,2.0,4.7
2015-12-01,4.3,2.1,4.6
2016-01-01,4.7,2.2,4.5
2016-02-01,4.7,2.3,4.4
2016-03-01,4.4,2.2,4.3
2016-04-01,4.0,2.1,4.3
2016-06-01,4.5,2.2,4.3
2016-07-01,4.5,2.2,4.2
2016-08-01,4.4,2.3,4.2
2016-09-01,4.1,2.2,4.3
2016-10-01,4.2,2.1,4.3
2016-11-01,4.0,2.1,4.2
2016-12-01,3.9,2.2,4.2
2017-01-01,4.5,2.3,4.1
2017-02-01,4.3,2.2,4.0
2017-03-01,4.0,2.0,4.0
2017-04-01,3.6,1.9,3.9
2017-06-01,4.3,1.7,3.9
2017-07-01,4.3,1.7,4.0
2017-08-01,4.2,1.7,4.0
2017-09-01,3.7,1.7,4.0
2017-10-01,3.8,1.8,4.1
2017-11-01,3.8,1.7,4.1
2017-12-01,3.7,1.8,4
2018-01-01,4.4,1.8,4.1
2018-02-01,4.4,1.8,4.0
2018-03-01,4.1,2.1,4.0
2018-04-01,3.5,2.1,3.9
2018-06-01,4.2,2.3,3.8
2018-07-01,4.0,2.4,3.7
2018-08-01,3.8,2.2,3.7
2018-09-01,3.4,2.2,3.7
2018-10-01,3.4,2.1,3.7
2018-11-01,3.3,2.2,3.7
2018-12-01,3.4,2.2,3.7
2019-01-01,4.1,2.2,3.6
2019-02-01,3.8,2.1,3.5
2019-03-01,3.6,2.0,3.5
2019-04-01,3.0,2.1,3.4
2019-06-01,3.7,2.1,3.4
2019-07-01,3.7,2.2,3.4
2019-08-01,3.6,2.4,3.4
2019-09-01,3.0,2.4,3.3
2019-10-01,3.1,2.3,3.3
2019-11-01,3.0,2.3,3.2
2019-12-01,2.9,2.3,3.3
2020-01-01,3.4,2.3,3.4
2020-02-01,3.4,2.4,3.5
2020-03-01,4.3,2.1,3.5
2020-04-01,8.8,1.4,9.0
2020-06-01,8.1,1.2,8.1
2020-07-01,7.8,1.6,7.8
2020-08-01,7.0,1.7,7.1
2020-09-01,7.0,1.7,7.0
2020-10-01,6.5,1.6,6.7
2020-11-01,6.3,1.6,6.6
2020-12-01,6.3,1.6,6.7
2021-01-01,6.7,1.4,6.4
2021-02-01,6.4,1.3,6.2
2021-03-01,6.1,1.6,6.0
2021-04-01,5.6,3.0,5.9
2021-06-01,6.3,4.5,5.7
2021-07-01,5.6,4.3,5.5
2021-08-01,5.5,4.0,5.3
2021-09-01,4.5,4.0,4.8
2021-10-01,4.2,4.6,4.5
2021-11-01,3.9,4.9,4.1
2021-12-01,3.2,5.5,3.7
2022-01-01,3.8,6.0,3.7
2022-02-01,3.7,6.4,3.4
2022-03-01,3.3,6.5,3.2
2022-04-01,2.9,6.2,3.1
2022-06-01,3.7,5.9,3.2
2022-07-01,3.4,5.9,3.2
2022-08-01,3.5,6.3,3.4
2022-09-01,2.9,6.6,3.2
2022-10-01,3.1,6.3,3.2
2022-11-01,2.8,6.0,3.1
2022-12-01,2.5,5.7,3
2023-01-01,3.0,5.6,3.0
2023-02-01,3.1,5.5,2.9
2023-03-01,2.3,5.6,2.7
2023-04-01,1.9,5.5,2.5
2023-06-01,1.7,4.8,2.0
2023-07-01,1.7,4.7,1.8
2023-08-01,1.8,4.3,1.7
2023-09-01,1.8,4.1,1.6
2023-10-01,2.1,4.0,1.7
2023-11-01,1.8,4.0,1.8
2023-12-01,2.0(P),3.9,1.9(P)
